"Section","Url","Title"
"tycc","https://www.xxla.net/tycc/2022-01-23/2880.html","???????????5"
"tycc","https://www.xxla.net/tycc/2022-01-23/2881.html","????????????????????"
"tycc","https://www.xxla.net/tycc/2022-01-23/2882.html","????????????????????><img src="
"tycc","https://www.xxla.net/tycc/2022-01-23/2883.html","????????????????????><span class="
"tycc","https://www.xxla.net/tycc/2022-01-23/2884.html","????????????????????"
"tycc","https://www.xxla.net/tycc/2022-01-23/2885.html","????????????????????"
"tycc","https://www.xxla.net/tycc/2022-01-23/2886.html","????????????????????"
"tycc","https://www.xxla.net/tycc/2022-01-23/2887.html","????????????????????"
"tycc","https://www.xxla.net/tycc/2022-01-25/2939.html","????????????????????"
"sqcc","https://www.xxla.net/sqcc/2022-01-23/2895.html","???????????5"
"sqcc","https://www.xxla.net/sqcc/2022-01-23/2896.html","????????????????????"
"sqcc","https://www.xxla.net/sqcc/2022-01-23/2897.html","????????????-????????????"
"sqcc","https://www.xxla.net/sqcc/2022-01-23/2898.html","????????????????????"
"sqcc","https://www.xxla.net/sqcc/2022-01-23/2899.html","????????????????????"
"sqcc","https://www.xxla.net/sqcc/2022-01-23/2900.html","????????????????????"
"sqcc","https://www.xxla.net/sqcc/2022-01-23/2901.html","????????????????????"
"sqcc","https://www.xxla.net/sqcc/2022-01-23/2934.html","????????????????????"
"sqcc","https://www.xxla.net/sqcc/2022-01-25/2941.html","???????????><img src="
"yncc","https://www.xxla.net/yncc/2022-01-23/2888.html","????????????"
"yncc","https://www.xxla.net/yncc/2022-01-23/2889.html","????????????????????"
"yncc","https://www.xxla.net/yncc/2022-01-23/2890.html","???????????><img src="
"yncc","https://www.xxla.net/yncc/2022-01-23/2891.html","???????????>???????????/a></h4>                              <p class="
"yncc","https://www.xxla.net/yncc/2022-01-23/2892.html","???????????><span class="
"yncc","https://www.xxla.net/yncc/2022-01-23/2893.html","????????????????????"
"yncc","https://www.xxla.net/yncc/2022-01-23/2932.html","????????????????????"
"yncc","https://www.xxla.net/yncc/2022-01-23/2933.html","????????????????????"
"yncc","https://www.xxla.net/yncc/2022-01-25/2940.html","????????????????????"
"fwcc","https://www.xxla.net/fwcc/2022-01-23/2894.html","???????????5"
"fwcc","https://www.xxla.net/fwcc/2022-01-25/2942.html","??????????????><img src="
"wgcc","https://www.xxla.net/wgcc/2022-01-23/2902.html","??????????"
"wgcc","https://www.xxla.net/wgcc/2022-01-23/2903.html","????????????????????"
"wgcc","https://www.xxla.net/wgcc/2022-01-23/2904.html","????????????????????"
"wgcc","https://www.xxla.net/wgcc/2022-01-23/2905.html","????????????????????"
"wgcc","https://www.xxla.net/wgcc/2022-01-23/2906.html","????????????????????"
"wgcc","https://www.xxla.net/wgcc/2022-01-23/2907.html","????????????????????"
"wgcc","https://www.xxla.net/wgcc/2022-01-23/2935.html","????????????????????"
"wgcc","https://www.xxla.net/wgcc/2022-01-23/2936.html","????????????????????"
"wgcc","https://www.xxla.net/wgcc/2022-01-25/2943.html","??????????????><img src="
"lscc","https://www.xxla.net/lscc/2022-01-23/2908.html","???????????5"
"lscc","https://www.xxla.net/lscc/2022-01-23/2909.html","????????????????????"
"lscc","https://www.xxla.net/lscc/2022-01-23/2910.html","????????????????????"
"lscc","https://www.xxla.net/lscc/2022-01-23/2911.html","????????????????????"
"lscc","https://www.xxla.net/lscc/2022-01-23/2912.html","????????????????????"
"lscc","https://www.xxla.net/lscc/2022-01-23/2913.html","????????????????????"
"lscc","https://www.xxla.net/lscc/2022-01-23/2914.html","????????????????????"
"lscc","https://www.xxla.net/lscc/2022-01-23/2915.html","????????????????????"
"lscc","https://www.xxla.net/lscc/2022-01-25/2944.html","??????????????><img src="
"jmcc","https://www.xxla.net/jmcc/2019-09-14/1021.html","????????????"
"jmcc","https://www.xxla.net/jmcc/2022-01-23/2916.html","????????????????????"
"jmcc","https://www.xxla.net/jmcc/2022-01-23/2917.html","????????????????????"
"jmcc","https://www.xxla.net/jmcc/2022-01-23/2918.html","????????????????????"
"jmcc","https://www.xxla.net/jmcc/2022-01-23/2919.html","????????????????????"
"jmcc","https://www.xxla.net/jmcc/2022-01-23/2920.html","????????????????????"
"jmcc","https://www.xxla.net/jmcc/2022-01-23/2921.html","????????????????????"
"jmcc","https://www.xxla.net/jmcc/2022-01-23/2922.html","????????????????????"
"jmcc","https://www.xxla.net/jmcc/2022-01-23/2937.html","??????????????><img src="
"jmcc","https://www.xxla.net/jmcc/2022-01-25/2946.html","??????????????>??????????????/a></h4>                              <p class="
"hhcc","https://www.xxla.net/hhcc/2022-01-23/2923.html","????????????"
"hhcc","https://www.xxla.net/hhcc/2022-01-23/2924.html","????????????????????"
"hhcc","https://www.xxla.net/hhcc/2022-01-23/2925.html","????????????????????"
"hhcc","https://www.xxla.net/hhcc/2022-01-23/2926.html","????????????????????"
"hhcc","https://www.xxla.net/hhcc/2022-01-23/2927.html","????????????????????"
"hhcc","https://www.xxla.net/hhcc/2022-01-23/2928.html","????????????????????"
"hhcc","https://www.xxla.net/hhcc/2022-01-23/2929.html","????????????????????"
"hhcc","https://www.xxla.net/hhcc/2022-01-23/2930.html","????????????????????"
"hhcc","https://www.xxla.net/hhcc/2022-01-25/2945.html","??????????????><img src="
